tv_symbol,yahoo_symbol,previous_close,volume
TSE:8918,8918.T,10,402096200
TSE:9432,9432.T,174.9,205360500
TSE:4564,4564.T,21,115631100
TSE:9434,9434.T,246.3,80920800
TSE:8729,8729.T,158.9,67416000
TSE:4597,4597.T,31,48216800
TSE:3664,3664.T,24,44543700
TSE:9501,9501.T,525.4,37315300
TSE:7201,7201.T,303.5,36706100
TSE:543A,543A.T,286,34292800
TSE:4755,4755.T,691.8,32863300
TSE:4689,4689.T,519.8,26257900
TSE:5401,5401.T,681,23941300
TSE:6740,6740.T,49,23059500
TSE:3350,3350.T,288,20949300
TSE:7532,7532.T,716,13017200
TSE:9831,9831.T,719.4,11856200
TSE:2181,2181.T,292.8,9747800
TSE:7211,7211.T,367.5,8171000
TSE:7063,7063.T,63,7218000
TSE:4005,4005.T,588.2,6771500
TSE:2134,2134.T,17,6320000
TSE:4902,4902.T,661.1,5995100
TSE:4935,4935.T,144,5281300
TSE:7746,7746.T,812,5104800
TSE:8410,8410.T,340.9,4921800
TSE:3231,3231.T,906,4432000
TSE:3823,3823.T,40,4325100
TSE:8113,8113.T,952.9,4169000
TSE:9008,9008.T,791,4119900
TSE:6775,6775.T,131,4089400
TSE:2146,2146.T,239,4034900
TSE:5721,5721.T,69,3885400
TSE:3315,3315.T,99,3651700
TSE:8338,8338.T,726,3623400
TSE:3697,3697.T,885.1,3448100
TSE:6659,6659.T,47,3407400
TSE:1783,1783.T,68,3370400
TSE:7238,7238.T,109,3321300
TSE:4436,4436.T,700,3270500
TSE:6753,6753.T,656.4,3183300
TSE:6619,6619.T,155,2915400
TSE:3861,3861.T,870.3,2893000
TSE:4833,4833.T,58,2860200
TSE:2127,2127.T,640,2859200
TSE:2492,2492.T,709,2698000
TSE:6472,6472.T,387,2636400
TSE:4583,4583.T,104,2595400
TSE:5202,5202.T,496,2558500
TSE:9424,9424.T,120,2502500
TSE:6993,6993.T,89,2472700
TSE:6085,6085.T,120,2436200
TSE:5131,5131.T,179,2408700
TSE:2353,2353.T,261,2298100
TSE:6966,6966.T,901,2172700
TSE:6366,6366.T,681,2136600
TSE:247A,247A.T,986,2063300
TSE:8894,8894.T,16,2027300
TSE:7777,7777.T,431,1988400
TSE:6200,6200.T,726,1859900
TSE:3070,3070.T,44,1800400
TSE:4344,4344.T,104,1790400
TSE:2315,2315.T,67,1766900
TSE:8105,8105.T,78,1678800
TSE:8698,8698.T,716,1659100
TSE:4784,4784.T,528,1634900
TSE:8897,8897.T,450,1629900
TSE:4548,4548.T,684,1612000
TSE:547A,547A.T,436,1561000
TSE:8572,8572.T,482,1534400
TSE:4594,4594.T,53,1520800
TSE:7803,7803.T,479,1488500
TSE:6625,6625.T,364,1385600
TSE:4259,4259.T,899,1363400
TSE:3133,3133.T,46,1355100
TSE:8508,8508.T,811,1311900
TSE:4593,4593.T,294,1290600
TSE:2385,2385.T,243,1231700
TSE:6727,6727.T,851,1189900
TSE:8616,8616.T,887,1185000
TSE:4073,4073.T,649,1181500
TSE:9090,9090.T,907,1170100
TSE:9399,9399.T,14,1167715
TSE:2586,2586.T,60,1138500
TSE:603A,603A.T,899,1120400
TSE:3825,3825.T,245,1110400
TSE:2120,2120.T,240,1050500
TSE:3656,3656.T,184,1031300
TSE:3660,3660.T,500,1017200
TSE:7256,7256.T,515,1000900
TSE:4582,4582.T,56,977500
TSE:7743,7743.T,792,974400
TSE:6840,6840.T,889,951500
TSE:4290,4290.T,712,939400
TSE:3387,3387.T,750,911600
TSE:3856,3856.T,227,881000
TSE:7984,7984.T,896.7,874700
TSE:4392,4392.T,983,873800
TSE:8789,8789.T,161,841600
TSE:402A,402A.T,550,840300
TSE:4563,4563.T,36,835900
TSE:8219,8219.T,757,833000
TSE:9166,9166.T,677,819900
TSE:2157,2157.T,999,816000
TSE:5563,5563.T,445,808800
TSE:8016,8016.T,726,785400
TSE:7779,7779.T,239,783900
TSE:4293,4293.T,505,769500
TSE:7412,7412.T,348,750300
TSE:7138,7138.T,167,735000
TSE:5074,5074.T,580,734400
TSE:6904,6904.T,749,730200
TSE:6958,6958.T,804,729900
TSE:9519,9519.T,858,714300
TSE:7709,7709.T,54,709900
TSE:7603,7603.T,36,708900
TSE:2337,2337.T,400,702200
TSE:2317,2317.T,437,682900
TSE:4875,4875.T,405,681100
TSE:6768,6768.T,869,680700
TSE:7593,7593.T,526,674800
TSE:2749,2749.T,662,661400
TSE:4714,4714.T,214,654600
TSE:9973,9973.T,19,645400
TSE:2334,2334.T,585,643700
TSE:7527,7527.T,49,621000
TSE:2484,2484.T,149,617000
TSE:3810,3810.T,189,614800
TSE:4316,4316.T,59,598700
TSE:350A,350A.T,692,594600
TSE:3679,3679.T,436,590500
TSE:3903,3903.T,204,587600
TSE:3222,3222.T,832,577500
TSE:4996,4996.T,684,572200
TSE:9212,9212.T,306,567900
TSE:3232,3232.T,603,558700
TSE:7522,7522.T,896,548600
TSE:4586,4586.T,62,545700
TSE:4592,4592.T,920,544000
TSE:3657,3657.T,375,543800
TSE:3668,3668.T,454,538900
TSE:520A,520A.T,407,533400
TSE:9517,9517.T,824,527700
TSE:3624,3624.T,90,526300
TSE:9348,9348.T,409,519400
TSE:7610,7610.T,138,511900
TSE:6088,6088.T,589,502300
TSE:8783,8783.T,46,501600
TSE:4446,4446.T,779,477000
TSE:3237,3237.T,94,474800
TSE:2931,2931.T,347,469400
TSE:9704,9704.T,27,448100
TSE:2330,2330.T,94,447800
TSE:8614,8614.T,701,438900
TSE:607A,607A.T,286,438700
TSE:7868,7868.T,545,436700
TSE:1431,1431.T,655,432700
TSE:3673,3673.T,488,427800
TSE:7383,7383.T,397,426200
TSE:2138,2138.T,421,419700
TSE:8585,8585.T,845,419600
TSE:5955,5955.T,84,419100
TSE:8143,8143.T,163,416100
TSE:4891,4891.T,136,412700
TSE:4552,4552.T,501,410900
TSE:6803,6803.T,100,406500
TSE:1822,1822.T,835,396300
TSE:544A,544A.T,327,394000
TSE:4591,4591.T,78,393500
TSE:4813,4813.T,418,392300
TSE:3807,3807.T,93,392100
TSE:3661,3661.T,811,390600
TSE:5244,5244.T,173,388800
TSE:7071,7071.T,391,378300
TSE:4170,4170.T,117,371600
TSE:7689,7689.T,436,367900
TSE:2667,2667.T,108,363700
TSE:7354,7354.T,360,363700
TSE:8103,8103.T,997,353600
TSE:4169,4169.T,258,352600
TSE:190A,190A.T,70,352000
TSE:6574,6574.T,124,348400
TSE:4420,4420.T,822,346400
TSE:6573,6573.T,27,344800
TSE:6240,6240.T,524,342900
TSE:3719,3719.T,114,341700
TSE:1887,1887.T,548,337900
TSE:7085,7085.T,884,335300
TSE:1786,1786.T,353,333000
TSE:4882,4882.T,175,330100
TSE:2929,2929.T,702,329300
TSE:3632,3632.T,422,327500
TSE:5707,5707.T,931,324400
TSE:7571,7571.T,84,322800
TSE:7883,7883.T,405,322200
TSE:1852,1852.T,898,318500
TSE:4477,4477.T,337,318000
TSE:4888,4888.T,436,315500
TSE:6986,6986.T,825,314800
TSE:7692,7692.T,78,313300
TSE:3777,3777.T,44,312600
TSE:9227,9227.T,830,311400
TSE:8165,8165.T,101,311000
TSE:4599,4599.T,181,304900
TSE:2693,2693.T,285,299800
TSE:9229,9229.T,112,298300
TSE:7048,7048.T,150,297900
TSE:4840,4840.T,709,296100
TSE:8273,8273.T,978,294900
TSE:6081,6081.T,141,287600
TSE:3798,3798.T,570,283600
TSE:3415,3415.T,355,281700
TSE:8622,8622.T,915,278800
TSE:5246,5246.T,865,277300
TSE:8007,8007.T,806,277000
TSE:3323,3323.T,93,275100
TSE:4978,4978.T,139,274700
TSE:2471,2471.T,285,274200
TSE:7600,7600.T,660,271100
TSE:7161,7161.T,626,267800
TSE:7971,7971.T,696,267700
TSE:8836,8836.T,26,266900
TSE:3968,3968.T,670,262300
TSE:7727,7727.T,948,261700
TSE:8798,8798.T,140,261300
TSE:8562,8562.T,385,258800
TSE:6464,6464.T,342,255300
TSE:4571,4571.T,100,255000
TSE:4883,4883.T,33,253500
TSE:4598,4598.T,116,253200
TSE:6177,6177.T,84,251800
TSE:9425,9425.T,229,249000
TSE:1435,1435.T,180,242700
TSE:3793,3793.T,575,240400
TSE:3997,3997.T,436,238700
TSE:4222,4222.T,677,238500
TSE:3189,3189.T,111,235300
TSE:6440,6440.T,789,231200
TSE:2930,2930.T,133,230900
TSE:3010,3010.T,189,228500
TSE:3053,3053.T,202,228300
TSE:197A,197A.T,527,226900
TSE:2170,2170.T,690,226800
TSE:5027,5027.T,820,226700
TSE:6194,6194.T,890,226400
TSE:6094,6094.T,530,224100
TSE:2338,2338.T,112,223800
TSE:6535,6535.T,496,222600
TSE:2694,2694.T,72,222000
TSE:4772,4772.T,72,220100
TSE:6721,6721.T,73,217300
TSE:9534,9534.T,925,216700
TSE:6584,6584.T,794,216600
TSE:9414,9414.T,963,216600
TSE:2652,2652.T,422,213100
TSE:2778,2778.T,113,212600
TSE:3565,3565.T,512,212000
TSE:4406,4406.T,235,208100
TSE:3409,3409.T,85,207800
TSE:7844,7844.T,534,205200
TSE:4375,4375.T,684,205100
TSE:3185,3185.T,114,201900
TSE:462A,462A.T,248,201800
TSE:4960,4960.T,679,199800
TSE:8202,8202.T,149,196600
TSE:2193,2193.T,128,189700
TSE:2656,2656.T,162,188900
TSE:8746,8746.T,106,188800
TSE:6071,6071.T,914,188300
TSE:2321,2321.T,140,187300
TSE:1447,1447.T,314,183700
TSE:1514,1514.T,641,179700
TSE:4228,4228.T,615,179600
TSE:5137,5137.T,316,178700
TSE:4765,4765.T,628,177100
TSE:4596,4596.T,66,176800
TSE:4576,4576.T,71,176800
TSE:6962,6962.T,830,174300
TSE:4382,4382.T,838,172800
TSE:2370,2370.T,25,172100
TSE:150A,150A.T,791,170500
TSE:9474,9474.T,926,168000
TSE:3840,3840.T,63,167500
TSE:6835,6835.T,272,166100
TSE:4584,4584.T,167,164400
TSE:4579,4579.T,590,163000
TSE:4767,4767.T,389,162900
TSE:4053,4053.T,504,162700
TSE:3936,3936.T,133,160900
TSE:8247,8247.T,332,159900
TSE:7823,7823.T,822,158700
TSE:7539,7539.T,817,157900
TSE:4820,4820.T,599,157400
TSE:4056,4056.T,215,155600
TSE:5255,5255.T,82,154800
TSE:2982,2982.T,432,154500
TSE:3803,3803.T,607,153800
TSE:3694,3694.T,487,152000
TSE:2926,2926.T,129,151600
TSE:2489,2489.T,405,151500
TSE:5216,5216.T,141,150900
TSE:2533,2533.T,483,150200
TSE:504A,504A.T,573,148200
TSE:6495,6495.T,111,146900
TSE:3962,3962.T,992,146700
TSE:9514,9514.T,341,146500
TSE:8107,8107.T,30,144600
TSE:3113,3113.T,82,144400
TSE:4165,4165.T,683,144200
TSE:3911,3911.T,172,142800
TSE:6572,6572.T,270,142100
TSE:6425,6425.T,725,141900
TSE:2998,2998.T,531,140500
TSE:6255,6255.T,675,140300
TSE:5269,5269.T,363,140000
TSE:2461,2461.T,394,139500
TSE:5129,5129.T,257,139100
TSE:4826,4826.T,544,138500
TSE:5031,5031.T,381,137800
TSE:6222,6222.T,928,137200
TSE:8927,8927.T,503,134000
TSE:9268,9268.T,413,132400
TSE:7719,7719.T,534,130200
TSE:8946,8946.T,74,128400
TSE:2440,2440.T,121,128200
TSE:2776,2776.T,94,127900
TSE:4884,4884.T,511,127700
TSE:6184,6184.T,606,127200
TSE:3665,3665.T,412,126900
TSE:4881,4881.T,49,126600
TSE:7244,7244.T,566,126500
TSE:3776,3776.T,256,125800
TSE:5942,5942.T,655,123700
TSE:9332,9332.T,682,122700
TSE:2764,2764.T,168,121900
TSE:4574,4574.T,255,120500
TSE:3548,3548.T,666,118600
TSE:8887,8887.T,359,118000
TSE:3865,3865.T,917,117400
TSE:9708,9708.T,957,116400
TSE:9644,9644.T,751,116300
TSE:9223,9223.T,356,115400
TSE:4318,4318.T,856,115300
TSE:1418,1418.T,585,114600
TSE:5408,5408.T,643,114600
TSE:3939,3939.T,491,113700
TSE:8881,8881.T,660,113400
TSE:4263,4263.T,434,113100
TSE:4641,4641.T,876,112700
TSE:7192,7192.T,703,112600
TSE:4829,4829.T,109,109900
TSE:7624,7624.T,169,109500
TSE:8705,8705.T,226,108000
TSE:6630,6630.T,767,107700
TSE:4651,4651.T,247,107300
TSE:7198,7198.T,840,105600
TSE:5698,5698.T,740,104400
TSE:3845,3845.T,320,104200
TSE:2158,2158.T,655,103300
TSE:3205,3205.T,740,103300
TSE:4014,4014.T,447,102700
TSE:7512,7512.T,856,102600
TSE:5932,5932.T,659,102400
TSE:7602,7602.T,173,102300
TSE:4381,4381.T,224,101800
TSE:2340,2340.T,545,101400
TSE:7291,7291.T,467,101300
TSE:5363,5363.T,707,100900
TSE:5957,5957.T,781,100600
TSE:5240,5240.T,186,100400
TSE:2388,2388.T,30,99700
TSE:9553,9553.T,655,99200
TSE:9978,9978.T,44,98800
TSE:9850,9850.T,989,97800
TSE:9980,9980.T,93,96800
TSE:6634,6634.T,69,96500
TSE:5535,5535.T,295,95000
TSE:1873,1873.T,314,95000
TSE:7294,7294.T,891,92400
TSE:5010,5010.T,293,92300
TSE:7640,7640.T,190,92200
TSE:4366,4366.T,488,91200
TSE:6099,6099.T,731,89700
TSE:6848,6848.T,867,89300
TSE:4176,4176.T,279,88900
TSE:3031,3031.T,676,88700
TSE:9423,9423.T,106,88100
TSE:7273,7273.T,632,88100
TSE:4442,4442.T,407,87100
TSE:4438,4438.T,292,86900
TSE:4575,4575.T,734,86900
TSE:3069,3069.T,162,86800
TSE:2735,2735.T,717,86600
TSE:5967,5967.T,451,86100
TSE:9535,9535.T,441,85900
TSE:8291,8291.T,563,85800
TSE:6444,6444.T,198,85200
TSE:472A,472A.T,571,82700
TSE:3686,3686.T,60,82600
TSE:7059,7059.T,965,82100
TSE:6165,6165.T,550,81700
TSE:545A,545A.T,990,81700
TSE:6166,6166.T,660,81600
TSE:3306,3306.T,791,80800
TSE:4192,4192.T,323,80600
TSE:8095,8095.T,524,80400
TSE:6494,6494.T,100,79500
TSE:196A,196A.T,320,79200
TSE:4572,4572.T,445,79000
TSE:7551,7551.T,696,79000
TSE:7819,7819.T,992,78300
TSE:7888,7888.T,899,77800
TSE:9368,9368.T,964,77400
TSE:7774,7774.T,858,77100
TSE:7875,7875.T,852,77000
TSE:7068,7068.T,607,76900
TSE:8207,8207.T,301,75900
TSE:3916,3916.T,952,75900
TSE:8217,8217.T,801,75400
TSE:3192,3192.T,260,75300
TSE:2329,2329.T,500,74600
TSE:281A,281A.T,400,74400
TSE:7601,7601.T,164,74300
TSE:4448,4448.T,370,73900
TSE:9160,9160.T,334,73300
TSE:2788,2788.T,413,73300
TSE:7771,7771.T,257,72400
TSE:2491,2491.T,468,72400
TSE:7908,7908.T,245,72200
TSE:6837,6837.T,404,72100
TSE:5959,5959.T,945,71100
TSE:4839,4839.T,997,71000
TSE:2901,2901.T,150,70300
TSE:6551,6551.T,610,70100
TSE:4345,4345.T,857,70000
TSE:7030,7030.T,972,70000
TSE:2884,2884.T,616,69900
TSE:3358,3358.T,93,69500
TSE:4893,4893.T,124,69400
TSE:7608,7608.T,945,69300
TSE:3457,3457.T,915,69000
TSE:4668,4668.T,762,68800
TSE:1848,1848.T,861,68200
TSE:8254,8254.T,297,67900
TSE:8860,8860.T,745,67900
TSE:7222,7222.T,930,67700
TSE:9405,9405.T,870,66800
TSE:4379,4379.T,513,66400
TSE:6699,6699.T,493,66200
TSE:9990,9990.T,764,66200
TSE:7212,7212.T,744,65500
TSE:6620,6620.T,684,64400
TSE:7955,7955.T,954,64300
TSE:8226,8226.T,401,64000
TSE:3236,3236.T,281,63800
TSE:2418,2418.T,599,63700
TSE:4350,4350.T,519,63200
TSE:9610,9610.T,108,63000
TSE:7776,7776.T,226,62300
TSE:3662,3662.T,930,61500
TSE:2666,2666.T,193,61300
TSE:4880,4880.T,322,61200
TSE:8864,8864.T,968,60700
TSE:6047,6047.T,387,60500
TSE:3900,3900.T,677,60500
TSE:6731,6731.T,101,60400
TSE:155A,155A.T,810,60300
TSE:2479,2479.T,267,60100
TSE:206A,206A.T,167,59500
TSE:7061,7061.T,488,59400
TSE:8999,8999.T,568,59300
TSE:3672,3672.T,28,58700
TSE:3796,3796.T,333,58100
TSE:6093,6093.T,163,57700
TSE:7874,7874.T,970,57600
TSE:6482,6482.T,724,57400
TSE:9564,9564.T,561,57300
TSE:478A,478A.T,741,57100
TSE:1773,1773.T,85,57000
TSE:5133,5133.T,303,57000
TSE:414A,414A.T,883,56900
TSE:9273,9273.T,754,56700
TSE:3753,3753.T,210,56000
TSE:6927,6927.T,996,56000
TSE:2673,2673.T,105,55600
TSE:1443,1443.T,272,55600
TSE:7992,7992.T,102,55500
TSE:264A,264A.T,310,55500
TSE:3423,3423.T,265,55400
TSE:5852,5852.T,668,54800
TSE:6157,6157.T,817,54700
TSE:7494,7494.T,240,54500
TSE:7859,7859.T,282,54300
TSE:8920,8920.T,686,54300
TSE:1429,1429.T,800,54200
TSE:7416,7416.T,683,53800
TSE:8869,8869.T,807,53800
TSE:3266,3266.T,81,53700
TSE:3834,3834.T,608,53500
TSE:2345,2345.T,102,53300
TSE:9854,9854.T,275,52900
TSE:7463,7463.T,993,52900
TSE:4814,4814.T,166,52800
TSE:7135,7135.T,172,52500
TSE:7987,7987.T,567,52500
TSE:441A,441A.T,271,51900
TSE:4395,4395.T,581,51700
TSE:8285,8285.T,835,51500
TSE:3667,3667.T,28,51300
TSE:7524,7524.T,171,51300
TSE:6658,6658.T,448,51300
TSE:3160,3160.T,597,51000
TSE:3392,3392.T,776,50700
TSE:6046,6046.T,154,50400
TSE:3935,3935.T,732,50300
TSE:3111,3111.T,175,50200
TSE:8203,8203.T,751,50200
TSE:7022,7022.T,360,49800
TSE:7810,7810.T,152,49700
TSE:5986,5986.T,262,49600
TSE:6539,6539.T,996,49200
TSE:2762,2762.T,69,48700
TSE:7897,7897.T,107,48500
TSE:1853,1853.T,326,48300
TSE:2195,2195.T,376,47800
TSE:7918,7918.T,106,47300
TSE:4422,4422.T,501,47300
TSE:9363,9363.T,539,47100
TSE:3359,3359.T,511,46600
TSE:9788,9788.T,516,46600
TSE:6262,6262.T,534,46400
TSE:7953,7953.T,405,46000
TSE:5590,5590.T,724,45900
TSE:8914,8914.T,895,45600
TSE:9816,9816.T,257,45500
TSE:3940,3940.T,131,45300
TSE:6493,6493.T,485,45300
TSE:3580,3580.T,758,45200
TSE:3649,3649.T,891,44600
TSE:7034,7034.T,314,44100
TSE:5586,5586.T,939,44100
TSE:2114,2114.T,673,44000
TSE:4615,4615.T,130,43900
TSE:7373,7373.T,914,43700
TSE:5820,5820.T,919,43700
TSE:9235,9235.T,406,43600
TSE:7707,7707.T,211,43400
TSE:7686,7686.T,446,43400
TSE:9450,9450.T,787,42800
TSE:7820,7820.T,716,42400
TSE:3134,3134.T,296,42300
TSE:3067,3067.T,466,42100
TSE:7271,7271.T,801,42100
TSE:1844,1844.T,448,42000
TSE:5287,5287.T,913,42000
TSE:6031,6031.T,287,41400
TSE:3727,3727.T,166,41300
TSE:3647,3647.T,116,41000
TSE:3202,3202.T,131,40900
TSE:6400,6400.T,305,40800
TSE:4892,4892.T,683,40700
TSE:7822,7822.T,260,40600
TSE:7060,7060.T,602,40600
TSE:6557,6557.T,712,40500
TSE:4394,4394.T,691,40300
TSE:265A,265A.T,798,40000
TSE:3996,3996.T,216,39500
TSE:4265,4265.T,280,39300
TSE:9341,9341.T,614,39300
TSE:6615,6615.T,239,38900
TSE:8737,8737.T,614,38900
TSE:2112,2112.T,462,38800
TSE:8166,8166.T,78,38400
TSE:3195,3195.T,448,38400
TSE:4013,4013.T,668,38200
TSE:3489,3489.T,782,38200
TSE:8518,8518.T,155,38100
TSE:2445,2445.T,403,38100
TSE:3422,3422.T,613,38100
TSE:3779,3779.T,122,37900
TSE:3174,3174.T,385,37900
TSE:8912,8912.T,158,37700
TSE:5282,5282.T,409,37700
TSE:7352,7352.T,324,37500
TSE:9168,9168.T,425,37300
TSE:6035,6035.T,760,37000
TSE:7578,7578.T,76,36900
TSE:3726,3726.T,385,36800
TSE:7442,7442.T,482,36600
TSE:7035,7035.T,216,36000
TSE:9760,9760.T,117,35800
TSE:3187,3187.T,406,35800
TSE:7150,7150.T,511,35600
TSE:7795,7795.T,220,35400
TSE:3242,3242.T,529,35200
TSE:4241,4241.T,726,35100
TSE:4168,4168.T,808,35100
TSE:7462,7462.T,410,34600
TSE:3175,3175.T,980,34600
TSE:288A,288A.T,93,34300
TSE:7615,7615.T,97,34000
TSE:5026,5026.T,595,34000
TSE:378A,378A.T,913,33600
TSE:6897,6897.T,632,33500
TSE:3835,3835.T,430,33100
TSE:7962,7962.T,797,32900
TSE:4376,4376.T,174,32800
TSE:7247,7247.T,369,32700
TSE:9380,9380.T,443,32700
TSE:7266,7266.T,992,32700
TSE:7567,7567.T,611,32500
TSE:6836,6836.T,810,32500
TSE:2323,2323.T,366,32400
TSE:9218,9218.T,797,32200
TSE:7590,7590.T,394,32100
TSE:3878,3878.T,847,31900
TSE:3992,3992.T,468,31800
TSE:2485,2485.T,449,31600
TSE:2342,2342.T,256,31300
TSE:6858,6858.T,871,30800
TSE:7162,7162.T,285,30400
TSE:3553,3553.T,928,30300
TSE:3858,3858.T,316,30100
TSE:6217,6217.T,824,29900
TSE:4017,4017.T,211,29700
TSE:7277,7277.T,337,29700
TSE:2721,2721.T,101,29400
TSE:3159,3159.T,382,29100
TSE:7075,7075.T,1000,29100
TSE:6343,6343.T,146,28800
TSE:2428,2428.T,622,28700
TSE:9158,9158.T,797,28600
TSE:6276,6276.T,372,28200
TSE:7359,7359.T,275,28100
TSE:7213,7213.T,665,28000
TSE:3625,3625.T,680,27800
TSE:3277,3277.T,826,27500
TSE:9343,9343.T,800,27400
TSE:7775,7775.T,424,27300
TSE:7038,7038.T,579,27300
TSE:5527,5527.T,746,27300
TSE:6776,6776.T,292,27200
TSE:6955,6955.T,408,27200
TSE:3929,3929.T,261,27100
TSE:2173,2173.T,763,27000
TSE:9204,9204.T,425,26800
TSE:297A,297A.T,212,26600
TSE:3372,3372.T,220,26600
TSE:3071,3071.T,101,26500
TSE:8018,8018.T,847,26500
TSE:2164,2164.T,112,26400
TSE:2198,2198.T,774,26400
TSE:9237,9237.T,842,26400
TSE:5464,5464.T,934,26400
TSE:7847,7847.T,660,26300
TSE:7805,7805.T,712,26300
TSE:4845,4845.T,347,26100
TSE:9563,9563.T,349,26000
TSE:5258,5258.T,436,25800
TSE:6279,6279.T,944,25700
TSE:4331,4331.T,746,25500
TSE:6538,6538.T,251,25400
TSE:4936,4936.T,307,24800
TSE:9438,9438.T,601,24500
TSE:477A,477A.T,849,24400
TSE:1711,1711.T,246,24200
TSE:4479,4479.T,987,24200
TSE:3926,3926.T,423,24000
TSE:3958,3958.T,539,24000
TSE:2796,2796.T,507,23800
TSE:4838,4838.T,713,23800
TSE:7325,7325.T,702,23700
TSE:2454,2454.T,343,23500
TSE:7702,7702.T,459,23400
TSE:6147,6147.T,180,23200
TSE:5591,5591.T,914,23200
TSE:2130,2130.T,925,23200
TSE:4179,4179.T,353,23100
TSE:3556,3556.T,804,22700
TSE:365A,365A.T,795,22600
TSE:3440,3440.T,875,22600
TSE:4370,4370.T,433,22300
TSE:475A,475A.T,716,22300
TSE:6029,6029.T,188,22100
TSE:4512,4512.T,294,22100
TSE:2459,2459.T,176,21600
TSE:3963,3963.T,325,21600
TSE:335A,335A.T,321,21300
TSE:2375,2375.T,201,20900
TSE:4015,4015.T,519,20900
TSE:6228,6228.T,540,20900
TSE:2438,2438.T,347,20800
TSE:1491,1491.T,740,20800
TSE:2936,2936.T,276,20700
TSE:3674,3674.T,339,20700
TSE:198A,198A.T,161,20600
TSE:6656,6656.T,790,20600
TSE:7800,7800.T,990,20600
TSE:549A,549A.T,489,20400
TSE:7127,7127.T,711,20300
TSE:3680,3680.T,204,20100
TSE:8769,8769.T,522,20100
TSE:3267,3267.T,611,20100
TSE:3896,3896.T,427,20000
TSE:2437,2437.T,638,20000
TSE:7080,7080.T,902,20000
TSE:2163,2163.T,953,20000
TSE:5139,5139.T,937,19900
TSE:423A,423A.T,323,19800
TSE:4167,4167.T,342,19800
TSE:4531,4531.T,365,19800
TSE:6182,6182.T,534,19800
TSE:3121,3121.T,255,19700
TSE:2927,2927.T,851,19500
TSE:4777,4777.T,198,19300
TSE:6171,6171.T,374,19100
TSE:8104,8104.T,810,19100
TSE:3607,3607.T,370,19000
TSE:6888,6888.T,501,19000
TSE:7255,7255.T,510,19000
TSE:9162,9162.T,231,18900
TSE:4317,4317.T,566,18900
TSE:3675,3675.T,600,18900
TSE:4284,4284.T,455,18800
TSE:9145,9145.T,575,18800
TSE:3998,3998.T,289,18600
TSE:7836,7836.T,74,18400
TSE:7183,7183.T,254,18400
TSE:4433,4433.T,856,18400
TSE:5909,5909.T,966,18300
TSE:7041,7041.T,343,18200
TSE:7722,7722.T,788,18200
TSE:9562,9562.T,692,17900
TSE:3951,3951.T,909,17900
TSE:4447,4447.T,502,17800
TSE:6155,6155.T,543,17800
TSE:3917,3917.T,494,17700
TSE:4019,4019.T,627,17700
TSE:4885,4885.T,883,17700
TSE:8260,8260.T,387,17600
TSE:2436,2436.T,602,17400
TSE:9033,9033.T,634,17400
TSE:9560,9560.T,913,17400
TSE:9262,9262.T,683,17300
TSE:3154,3154.T,786,17300
TSE:6091,6091.T,993,17300
TSE:4484,4484.T,299,17200
TSE:7347,7347.T,800,17000
TSE:7919,7919.T,225,16900
TSE:3042,3042.T,300,16900
TSE:4424,4424.T,321,16900
TSE:4492,4492.T,394,16900
TSE:8742,8742.T,606,16900
TSE:4409,4409.T,802,16900
TSE:3011,3011.T,143,16800
TSE:2183,2183.T,206,16800
TSE:8944,8944.T,249,16700
TSE:3671,3671.T,307,16600
TSE:3054,3054.T,371,16600
TSE:9419,9419.T,299,16300
TSE:3137,3137.T,215,16100
TSE:4308,4308.T,358,16100
TSE:6748,6748.T,766,16100
TSE:4248,4248.T,880,16100
TSE:7369,7369.T,381,16000
TSE:5658,5658.T,410,16000
TSE:4811,4811.T,898,16000
TSE:6580,6580.T,876,15900
TSE:8046,8046.T,987,15900
TSE:4237,4237.T,335,15800
TSE:3985,3985.T,196,15600
TSE:4890,4890.T,259,15600
TSE:9259,9259.T,853,15600
TSE:6040,6040.T,459,15500
TSE:4287,4287.T,486,15500
TSE:4113,4113.T,811,15500
TSE:4932,4932.T,815,15500
TSE:7049,7049.T,777,15400
TSE:2978,2978.T,320,15300
TSE:2984,2984.T,793,15300
TSE:6181,6181.T,90,15200
TSE:8077,8077.T,210,15200
TSE:3627,3627.T,263,15100
TSE:519A,519A.T,483,15100
TSE:4166,4166.T,640,15100
TSE:6696,6696.T,325,15000
TSE:8135,8135.T,430,15000
TSE:9307,9307.T,923,15000
TSE:6054,6054.T,111,14900
TSE:8127,8127.T,520,14900
TSE:324A,324A.T,748,14900
TSE:7372,7372.T,402,14800
TSE:7044,7044.T,521,14800
TSE:6092,6092.T,821,14800
TSE:3988,3988.T,563,14700
TSE:6545,6545.T,773,14700
TSE:156A,156A.T,872,14700
TSE:6786,6786.T,48,14600
TSE:2497,2497.T,525,14600
TSE:8230,8230.T,306,14500
TSE:3690,3690.T,573,14300
TSE:6926,6926.T,191,14200
TSE:3839,3839.T,626,14200
TSE:6666,6666.T,818,14200
TSE:9376,9376.T,848,14200
TSE:7781,7781.T,889,14200
TSE:7879,7879.T,677,14100
TSE:480A,480A.T,987,14100
TSE:4707,4707.T,352,14000
TSE:6663,6663.T,306,13900
TSE:3030,3030.T,873,13900
TSE:3965,3965.T,893,13800
TSE:6548,6548.T,123,13700
TSE:9557,9557.T,251,13700
TSE:330A,330A.T,543,13700
TSE:4245,4245.T,716,13700
TSE:9240,9240.T,384,13600
TSE:5950,5950.T,152,13500
TSE:3598,3598.T,163,13500
TSE:4918,4918.T,300,13400
TSE:7561,7561.T,709,13400
TSE:2654,2654.T,433,13300
TSE:7069,7069.T,503,13300
TSE:4439,4439.T,809,13300
TSE:7426,7426.T,592,13200
TSE:7980,7980.T,860,13200
TSE:3521,3521.T,158,13100
TSE:3927,3927.T,910,13100
TSE:4387,4387.T,577,13000
TSE:4235,4235.T,682,13000
TSE:1717,1717.T,935,13000
TSE:303A,303A.T,604,12900
TSE:4766,4766.T,208,12800
TSE:2464,2464.T,376,12800
TSE:4397,4397.T,394,12800
TSE:6034,6034.T,583,12800
TSE:5337,5337.T,864,12800
TSE:9876,9876.T,220,12700
TSE:195A,195A.T,720,12700
TSE:7376,7376.T,794,12700
TSE:6082,6082.T,990,12700
TSE:3826,3826.T,497,12400
TSE:3224,3224.T,687,12400
TSE:5940,5940.T,748,12400
TSE:7120,7120.T,997,12400
TSE:3758,3758.T,248,12300
TSE:9271,9271.T,915,12300
TSE:2341,2341.T,170,12200
TSE:7112,7112.T,572,12200
TSE:5578,5578.T,911,12200
TSE:7351,7351.T,481,12100
TSE:1914,1914.T,821,12100
TSE:5588,5588.T,925,12100
TSE:7695,7695.T,946,12100
TSE:9799,9799.T,970,12100
TSE:7356,7356.T,117,12000
TSE:7074,7074.T,189,11900
TSE:9904,9904.T,242,11900
TSE:3370,3370.T,487,11900
TSE:6633,6633.T,313,11800
TSE:1850,1850.T,438,11800
TSE:548A,548A.T,959,11800
TSE:6907,6907.T,795,11700
TSE:9444,9444.T,266,11600
TSE:6552,6552.T,172,11500
TSE:3645,3645.T,256,11500
TSE:1446,1446.T,539,11500
TSE:1420,1420.T,631,11500
TSE:5341,5341.T,139,11200
TSE:6335,6335.T,584,11200
TSE:3760,3760.T,715,11200
TSE:5870,5870.T,905,11000
TSE:6185,6185.T,366,10900
TSE:4334,4334.T,381,10900
TSE:3622,3622.T,500,10900
TSE:7694,7694.T,545,10900
TSE:7831,7831.T,66,10700
TSE:2139,2139.T,520,10700
TSE:5029,5029.T,965,10700
TSE:6049,6049.T,249,10500
TSE:3787,3787.T,677,10500
TSE:3169,3169.T,693,10500
TSE:8013,8013.T,380,10400
TSE:6853,6853.T,775,10400
TSE:3747,3747.T,407,10100
TSE:7422,7422.T,419,10100
TSE:3976,3976.T,585,10100
TSE:9827,9827.T,632,10100
TSE:7037,7037.T,800,10100
TSE:4054,4054.T,523,10000
TSE:3461,3461.T,632,10000
TSE:7514,7514.T,853,10000