tv_symbol,yahoo_symbol,previous_close,volume
TSE:8918,8918.T,10,207135400
TSE:9973,9973.T,26,2535900
TSE:2370,2370.T,29,1866700
TSE:4564,4564.T,29,147309300
TSE:8107,8107.T,31,103400
TSE:8836,8836.T,31,185400
TSE:5856,5856.T,32,8276600
TSE:9399,9399.T,32,1643584
TSE:2134,2134.T,34,7868000
TSE:3664,3664.T,35,9991700
TSE:4597,4597.T,36,88151800
TSE:6659,6659.T,38,1560200
TSE:3672,3672.T,40,200800
TSE:3823,3823.T,41,86431100
TSE:9704,9704.T,43,714000
TSE:5103,5103.T,44,15400
TSE:8894,8894.T,48,1814800
TSE:9978,9978.T,48,12500
TSE:6786,6786.T,53,141500
TSE:4883,4883.T,54,406000
TSE:6573,6573.T,55,502500
TSE:7527,7527.T,55,2262700
TSE:3667,3667.T,57,763400
TSE:4563,4563.T,58,1558700
TSE:3777,3777.T,59,400000
TSE:2388,2388.T,60,11400
TSE:1783,1783.T,63,587400
TSE:3237,3237.T,63,97100
TSE:3681,3681.T,66,1448900
TSE:3840,3840.T,66,160900
TSE:4594,4594.T,66,1177800
TSE:4833,4833.T,67,1203800
TSE:2694,2694.T,71,139700
TSE:8166,8166.T,78,64800
TSE:1773,1773.T,79,13000
TSE:2315,2315.T,79,1130900
TSE:4881,4881.T,79,482200
TSE:3624,3624.T,83,168800
TSE:4586,4586.T,86,327400
TSE:4591,4591.T,86,753000
TSE:3113,3113.T,87,219900
TSE:7831,7831.T,87,18200
TSE:8946,8946.T,87,81100
TSE:3266,3266.T,88,186600
TSE:7836,7836.T,88,61500
TSE:3323,3323.T,89,281800
TSE:4772,4772.T,91,67900
TSE:4576,4576.T,94,45800
TSE:4596,4596.T,95,2067100
TSE:4582,4582.T,97,919600
TSE:7692,7692.T,98,55700
TSE:2926,2926.T,100,227400
TSE:6634,6634.T,100,58400
TSE:2762,2762.T,101,27700
TSE:7571,7571.T,101,240100
TSE:5721,5721.T,102,2363300
TSE:3358,3358.T,103,42700
TSE:4583,4583.T,103,385800
TSE:6721,6721.T,103,317300
TSE:6181,6181.T,104,29800
TSE:9980,9980.T,104,161300
TSE:3071,3071.T,105,13100
TSE:7897,7897.T,105,202100
TSE:9423,9423.T,105,170500
TSE:5255,5255.T,107,546300
TSE:3315,3315.T,108,4651100
TSE:6177,6177.T,109,148300
TSE:6740,6740.T,109,113528900
TSE:7918,7918.T,109,62800
TSE:3070,3070.T,110,3017200
TSE:6494,6494.T,110,229000
TSE:7992,7992.T,110,48200
TSE:3686,3686.T,111,186000
TSE:2330,2330.T,112,96300
TSE:3807,3807.T,112,83700
TSE:6574,6574.T,112,1284800
TSE:2586,2586.T,113,600300
TSE:7603,7603.T,113,889600
TSE:4829,4829.T,114,308900
TSE:6803,6803.T,114,442300
TSE:7578,7578.T,115,122400
TSE:288A,288A.T,117,160700
TSE:3409,3409.T,118,66200
TSE:2338,2338.T,119,505900
TSE:7709,7709.T,119,54900
TSE:2484,2484.T,121,964200
TSE:5955,5955.T,121,1037400
TSE:2776,2776.T,122,156000
TSE:6054,6054.T,122,48600
TSE:6993,6993.T,122,6126200
TSE:7063,7063.T,122,189300
TSE:2721,2721.T,123,67900
TSE:2778,2778.T,123,97300
TSE:3202,3202.T,125,43700
TSE:4615,4615.T,126,8400
TSE:2930,2930.T,128,906000
TSE:4344,4344.T,128,613300
TSE:6775,6775.T,129,26800
TSE:7238,7238.T,129,1408500
TSE:3536,3536.T,130,12100
TSE:3936,3936.T,130,2951400
TSE:7615,7615.T,130,128600
TSE:8789,8789.T,130,1072600
TSE:9610,9610.T,130,88300
TSE:8165,8165.T,131,132700
TSE:7624,7624.T,132,3500
TSE:9424,9424.T,132,1703700
TSE:3940,3940.T,133,130900
TSE:2193,2193.T,135,319800
TSE:190A,190A.T,138,1258000
TSE:3647,3647.T,138,129300
TSE:6173,6173.T,139,228000
TSE:4891,4891.T,140,177800
TSE:5131,5131.T,140,22700
TSE:7356,7356.T,142,9500
TSE:7610,7610.T,142,749500
TSE:2673,2673.T,143,60500
TSE:6548,6548.T,145,13900
TSE:8729,8729.T,147.4,75692700
TSE:4571,4571.T,149,369000
TSE:9760,9760.T,149,6200
TSE:3779,3779.T,150,19500
TSE:4376,4376.T,150,13100
TSE:4893,4893.T,151,213700
TSE:8202,8202.T,151,45900
TSE:2440,2440.T,152,96700
TSE:2764,2764.T,152,124000
TSE:8518,8518.T,153,163100
TSE:9432,9432.T,153,161553600
TSE:3521,3521.T,157,15100
TSE:6029,6029.T,157,775700
TSE:3753,3753.T,159,125000
TSE:5216,5216.T,163,190100
TSE:3598,3598.T,165,2200
TSE:2666,2666.T,167,109600
TSE:3069,3069.T,167,89200
TSE:7524,7524.T,167,18500
TSE:3011,3011.T,169,22400
TSE:3189,3189.T,170,221200
TSE:6046,6046.T,170,11500
TSE:7601,7601.T,171,15200
TSE:6343,6343.T,173,154000
TSE:4170,4170.T,175,80700
TSE:5950,5950.T,175,5200
TSE:7183,7183.T,177,36500
TSE:8105,8105.T,177,16295300
TSE:3185,3185.T,178,1953200
TSE:6444,6444.T,178,85600
TSE:7048,7048.T,179,432800
TSE:6093,6093.T,180,227500
TSE:3010,3010.T,182,83800
TSE:3727,3727.T,182,20200
TSE:4814,4814.T,182,241600
TSE:4978,4978.T,183,433500
TSE:8912,8912.T,183,38000
TSE:7810,7810.T,184,101100
TSE:3053,3053.T,188,306300
TSE:8798,8798.T,188,32700
TSE:2321,2321.T,189,271700
TSE:3911,3911.T,191,174100
TSE:2656,2656.T,192,155600
TSE:5952,5952.T,192,14100
TSE:8143,8143.T,192,4900
TSE:2146,2146.T,193,4597100
TSE:8783,8783.T,193,1752300
TSE:6731,6731.T,194,418300
TSE:6926,6926.T,194,10000
TSE:206A,206A.T,195,317800
TSE:4598,4598.T,197,2917400
TSE:2120,2120.T,198,726300
TSE:4558,4558.T,199,3800
TSE:7074,7074.T,199,8700
TSE:3985,3985.T,201,5600
TSE:7851,7851.T,201,39700
TSE:4714,4714.T,202,360700
TSE:5240,5240.T,202,69300
TSE:198A,198A.T,203,233200
TSE:4406,4406.T,203,126400
TSE:4316,4316.T,206,1732300
TSE:2341,2341.T,207,26500
TSE:2459,2459.T,207,12500
TSE:4777,4777.T,207,16200
TSE:7640,7640.T,207,14400
TSE:7919,7919.T,208,4700
TSE:6495,6495.T,210,302100
TSE:7135,7135.T,210,6100
TSE:7602,7602.T,211,194200
TSE:2901,2901.T,213,943200
TSE:2435,2435.T,217,5900
TSE:8077,8077.T,217,5800
TSE:6195,6195.T,218,61400
TSE:2375,2375.T,219,12800
TSE:4017,4017.T,219,2600
TSE:6662,6662.T,220,31400
TSE:7707,7707.T,220,116100
TSE:6552,6552.T,221,181600
TSE:7035,7035.T,221,5600
TSE:9434,9434.T,222.3,86565100
TSE:3372,3372.T,223,8400
TSE:3550,3550.T,224,4400
TSE:4766,4766.T,224,6600
TSE:1435,1435.T,225,1546900
TSE:3825,3825.T,225,589800
TSE:3996,3996.T,225,16400
TSE:6572,6572.T,226,194200
TSE:3121,3121.T,228,67900
TSE:9327,9327.T,228,34800
TSE:5244,5244.T,229,166800
TSE:6619,6619.T,229,2929800
TSE:7795,7795.T,230,21500
TSE:3137,3137.T,231,47400
TSE:4875,4875.T,231,19500
TSE:7822,7822.T,231,12200
TSE:3111,3111.T,232,190800
TSE:297A,297A.T,233,25100
TSE:3810,3810.T,233,402000
TSE:5986,5986.T,233,15100
TSE:9466,9466.T,234,1400
TSE:3680,3680.T,235,28200
TSE:3909,3909.T,236,9900
TSE:7494,7494.T,236,14900
TSE:2479,2479.T,237,3600
TSE:3719,3719.T,237,288600
TSE:6198,6198.T,237,1700
TSE:9557,9557.T,237,7500
TSE:1840,1840.T,238,4800
TSE:4882,4882.T,238,145800
TSE:7138,7138.T,238,132700
TSE:3776,3776.T,239,419000
TSE:4427,4427.T,239,60500
TSE:2181,2181.T,239.9,8829600
TSE:4651,4651.T,240,267800
TSE:9969,9969.T,240,3700
TSE:3639,3639.T,241,1000
TSE:8944,8944.T,242,8400
TSE:6276,6276.T,243,7900
TSE:6538,6538.T,244,18100
TSE:7359,7359.T,245,10700
TSE:9229,9229.T,246,99500
TSE:9439,9439.T,248,6800
TSE:2385,2385.T,249,25100
TSE:5010,5010.T,249,204200
TSE:7162,7162.T,249,189700
TSE:2693,2693.T,251,21100
TSE:4584,4584.T,251,315800
TSE:9876,9876.T,251,9500
TSE:2183,2183.T,253,23600
TSE:2667,2667.T,253,222600
TSE:3758,3758.T,254,31700
TSE:4720,4720.T,255,7300
TSE:2345,2345.T,256,244000
TSE:2471,2471.T,256,570100
TSE:6835,6835.T,256,636800
TSE:8254,8254.T,257,20900
TSE:9812,9812.T,257,4900
TSE:3054,3054.T,258,1700
TSE:3187,3187.T,258,38400
TSE:9162,9162.T,259,7800
TSE:7803,7803.T,261,181100
TSE:9854,9854.T,262,36300
TSE:2342,2342.T,264,59800
TSE:4424,4424.T,267,7000
TSE:4179,4179.T,268,3400
TSE:6049,6049.T,268,4800
TSE:8705,8705.T,269,95600
TSE:8410,8410.T,269.6,3919300
TSE:4260,4260.T,270,3200
TSE:4650,4650.T,270,1800
TSE:9972,9972.T,270,2600
TSE:2353,2353.T,275,1713700
TSE:3423,3423.T,275,16800
TSE:4679,4679.T,276,5900
TSE:7256,7256.T,276,134400
TSE:9425,9425.T,276,24300
TSE:7908,7908.T,277,70700
TSE:3928,3928.T,278,7900
TSE:5031,5031.T,279,6500
TSE:6664,6664.T,279,3600
TSE:6081,6081.T,280,97600
TSE:6400,6400.T,280,6800
TSE:2489,2489.T,281,55900
TSE:6776,6776.T,281,7800
TSE:1711,1711.T,284,67000
TSE:3627,3627.T,284,35800
TSE:4484,4484.T,284,8100
TSE:8746,8746.T,284,90700
TSE:5928,5928.T,285,1100
TSE:6031,6031.T,285,62700
TSE:8207,8207.T,285,15600
TSE:4176,4176.T,286,165600
TSE:9563,9563.T,286,1900
TSE:6147,6147.T,289,9800
TSE:5341,5341.T,291,1519700
TSE:4487,4487.T,292,19500
TSE:3042,3042.T,294,68500
TSE:4052,4052.T,294,5200
TSE:6837,6837.T,294,16500
TSE:2156,2156.T,295,6700
TSE:6096,6096.T,295,2700
TSE:2686,2686.T,297,108600
TSE:4574,4574.T,297,68700
TSE:9419,9419.T,297,8600
TSE:3910,3910.T,298,8900
TSE:7779,7779.T,298,3060000
TSE:3133,3133.T,299,431000
TSE:4167,4167.T,300,50200
TSE:7859,7859.T,300,556900
TSE:3845,3845.T,302,69300
TSE:4192,4192.T,302,94700
TSE:5137,5137.T,302,159200
TSE:7776,7776.T,302,184100
TSE:1443,1443.T,303,94300
TSE:6347,6347.T,303,202600
TSE:4448,4448.T,304,137700
TSE:4477,4477.T,305,701100
TSE:3645,3645.T,306,13900
TSE:8013,8013.T,306,6300
TSE:196A,196A.T,308,125900
TSE:7041,7041.T,308,300
TSE:2164,2164.T,309,369300
TSE:9160,9160.T,309,30300
TSE:6579,6579.T,310,1800
TSE:6615,6615.T,310,61300
TSE:8209,8209.T,310,11900
TSE:4169,4169.T,311,831600
TSE:3926,3926.T,314,42400
TSE:3998,3998.T,314,9300
TSE:423A,423A.T,314,22000
TSE:4265,4265.T,314,68100
TSE:5269,5269.T,314,172500
TSE:4935,4935.T,315,246600
TSE:7022,7022.T,315,86500
TSE:3657,3657.T,317,140400
TSE:2499,2499.T,318,20700
TSE:5258,5258.T,318,114600
TSE:4599,4599.T,319,119800
TSE:4056,4056.T,320,26200
TSE:5618,5618.T,320,2100
TSE:1853,1853.T,321,23000
TSE:8230,8230.T,322,2000
TSE:9816,9816.T,322,18700
TSE:7354,7354.T,323,149500
TSE:7367,7367.T,323,10800
TSE:1447,1447.T,324,118100
TSE:3929,3929.T,324,14200
TSE:4890,4890.T,324,61600
TSE:2936,2936.T,325,28400
TSE:6633,6633.T,325,20300
TSE:2652,2652.T,327,57200
TSE:1873,1873.T,328,54900
TSE:4707,4707.T,328,1400
TSE:7211,7211.T,328.5,13279200
TSE:4392,4392.T,329,64600
TSE:6428,6428.T,329,4100
TSE:7837,7837.T,329,1300
TSE:5133,5133.T,331,59600
TSE:6464,6464.T,332,173800
TSE:4678,4678.T,333,2100
TSE:4918,4918.T,333,2800
TSE:9258,9258.T,333,300
TSE:4438,4438.T,334,9500
TSE:8938,8938.T,334,7600
TSE:3674,3674.T,335,500
TSE:4370,4370.T,337,10100
TSE:2464,2464.T,338,20000
TSE:2894,2894.T,339,2700
TSE:3979,3979.T,339,10700
TSE:4735,4735.T,340,11000
TSE:6663,6663.T,342,70300
TSE:9417,9417.T,342,31600
TSE:3159,3159.T,343,14400
TSE:3350,3350.T,343,25595600
TSE:5535,5535.T,343,184500
TSE:6467,6467.T,343,1800
TSE:8247,8247.T,344,9200
TSE:9204,9204.T,345,102600
TSE:3671,3671.T,347,164600
TSE:3903,3903.T,347,292300
TSE:9444,9444.T,348,3800
TSE:3858,3858.T,349,30500
TSE:3908,3908.T,349,14500
TSE:9885,9885.T,349,7300
TSE:9930,9930.T,349,1100
TSE:3656,3656.T,350,8565600
TSE:3646,3646.T,351,6000
TSE:6472,6472.T,351.8,2084500
TSE:2788,2788.T,354,13200
TSE:4845,4845.T,355,20500
TSE:3796,3796.T,356,36200
TSE:6059,6059.T,356,2400
TSE:4512,4512.T,357,81100
TSE:6537,6537.T,357,27900
TSE:3494,3494.T,358,1200
TSE:184A,184A.T,359,4200
TSE:2323,2323.T,361,49000
TSE:7815,7815.T,361,1900
TSE:4936,4936.T,362,21900
TSE:7883,7883.T,363,3900
TSE:2454,2454.T,364,2300
TSE:2438,2438.T,365,33500
TSE:3238,3238.T,366,16700
TSE:150A,150A.T,368,3300
TSE:1786,1786.T,368,346100
TSE:3236,3236.T,368,238700
TSE:7201,7201.T,369.8,24552300
TSE:2055,2055.T,370,3200
TSE:3607,3607.T,372,23700
TSE:3976,3976.T,372,2300
TSE:6186,6186.T,372,800
TSE:7215,7215.T,373,1200
TSE:4767,4767.T,374,41200
TSE:7277,7277.T,374,13200
TSE:4308,4308.T,375,55400
TSE:5028,5028.T,375,8900
TSE:5658,5658.T,375,19200
TSE:8562,8562.T,377,197600
TSE:340A,340A.T,379,27200
TSE:4593,4593.T,379,1037800
TSE:2351,2351.T,381,5500
TSE:4531,4531.T,381,44000
TSE:4057,4057.T,383,3100
TSE:7538,7538.T,384,1300
TSE:9514,9514.T,385,131900
TSE:3632,3632.T,387,237900
TSE:5704,5704.T,387,6100
TSE:9212,9212.T,387,91200
TSE:7953,7953.T,388,18100
TSE:3997,3997.T,389,160000
TSE:7372,7372.T,389,3900
TSE:3665,3665.T,390,65500
TSE:6625,6625.T,390,471300
TSE:298A,298A.T,391,64000
TSE:6696,6696.T,392,117600
TSE:2722,2722.T,394,8400
TSE:2334,2334.T,395,2706900
TSE:2162,2162.T,396,15500
TSE:7771,7771.T,397,337900
TSE:9904,9904.T,397,28400
TSE:4381,4381.T,398,11600
TSE:7590,7590.T,398,22300
TSE:4334,4334.T,399,3700
TSE:6233,6233.T,399,1600
TSE:7247,7247.T,399,82100
TSE:2654,2654.T,400,4600
TSE:3377,3377.T,400,7800
TSE:4880,4880.T,401,54800
TSE:6185,6185.T,401,20000
TSE:6897,6897.T,401,7100
TSE:5027,5027.T,402,579400
TSE:6334,6334.T,402,4500
TSE:4388,4388.T,403,6600
TSE:2445,2445.T,404,63200
TSE:4014,4014.T,404,2200
TSE:4237,4237.T,404,68400
TSE:5035,5035.T,405,4100
TSE:6171,6171.T,405,6600
TSE:7865,7865.T,406,1600
TSE:9535,9535.T,406,119200
TSE:7422,7422.T,407,700
TSE:6867,6867.T,411,20700
TSE:2931,2931.T,412,539800
TSE:8887,8887.T,412,65400
TSE:9168,9168.T,412,632200
TSE:2978,2978.T,413,5300
TSE:4442,4442.T,414,7800
TSE:7686,7686.T,414,13700
TSE:3895,3895.T,416,3600
TSE:6325,6325.T,416,26200
TSE:7078,7078.T,416,15100
TSE:9380,9380.T,416,44200
TSE:3835,3835.T,417,31500
TSE:7585,7585.T,418,1500
TSE:335A,335A.T,419,5900
TSE:3679,3679.T,419,177400
TSE:4240,4240.T,419,33100
TSE:7946,7946.T,420,13600
TSE:3726,3726.T,421,67000
TSE:264A,264A.T,422,72300
TSE:3904,3904.T,422,5700
TSE:7034,7034.T,422,24200
TSE:5282,5282.T,423,49400
TSE:7071,7071.T,423,252300
TSE:2982,2982.T,424,175500
TSE:4436,4436.T,425,13900
TSE:6578,6578.T,425,10200
TSE:7689,7689.T,425,2000
TSE:3793,3793.T,427,106700
TSE:3422,3422.T,428,10200
TSE:4689,4689.T,428.6,14176400
TSE:3192,3192.T,430,58000
TSE:4645,4645.T,430,300
TSE:8897,8897.T,431,797300
TSE:2317,2317.T,432,1481700
TSE:4572,4572.T,432,116100
TSE:2533,2533.T,434,44200
TSE:7217,7217.T,434,46300
TSE:7687,7687.T,434,13300
TSE:3744,3744.T,435,29800
TSE:7291,7291.T,435,21800
TSE:7702,7702.T,435,26200
TSE:3694,3694.T,437,102800
TSE:9326,9326.T,437,14200
TSE:4293,4293.T,438,206400
TSE:4015,4015.T,439,92600
TSE:4397,4397.T,439,47100
TSE:2373,2373.T,440,27200
TSE:4053,4053.T,442,51600
TSE:7111,7111.T,442,1300
TSE:323A,323A.T,444,17100
TSE:3668,3668.T,444,227000
TSE:3963,3963.T,444,47200
TSE:6190,6190.T,446,5900
TSE:3815,3815.T,447,14500
TSE:9223,9223.T,447,71300
TSE:5563,5563.T,449,476900
TSE:4378,4378.T,450,3000
TSE:3370,3370.T,451,31000
TSE:4416,4416.T,451,10600
TSE:6555,6555.T,451,9900
TSE:3067,3067.T,452,2100
TSE:7775,7775.T,452,11900
TSE:2492,2492.T,453,1435400
TSE:4093,4093.T,454,76300
TSE:7442,7442.T,454,7300
TSE:4284,4284.T,455,224900
TSE:8135,8135.T,455,11000
TSE:3195,3195.T,456,42300
TSE:7782,7782.T,457,1500
TSE:5129,5129.T,458,627000
TSE:8260,8260.T,459,27000
TSE:2461,2461.T,460,115600
TSE:2789,2789.T,460,1500
TSE:2876,2876.T,460,900
TSE:3826,3826.T,460,9800
TSE:6904,6904.T,460,1900
TSE:9561,9561.T,461,5000
TSE:6955,6955.T,463,83600
TSE:1850,1850.T,464,40100
TSE:4059,4059.T,465,1100
TSE:6040,6040.T,465,41100
TSE:9929,9929.T,466,300
TSE:4366,4366.T,467,112500
TSE:7213,7213.T,467,10100
TSE:3992,3992.T,468,42700
TSE:4492,4492.T,468,2700
TSE:7351,7351.T,468,39000
TSE:9878,9878.T,469,7100
TSE:4657,4657.T,470,5800
TSE:7255,7255.T,470,71800
TSE:7383,7383.T,470,899100
TSE:7625,7625.T,470,3700
TSE:9240,9240.T,470,6000
TSE:3787,3787.T,471,38800
TSE:3802,3802.T,471,2900
TSE:3415,3415.T,472,446600
TSE:6819,6819.T,472,6500
TSE:9268,9268.T,472,127700
TSE:2491,2491.T,473,394000
TSE:7844,7844.T,473,68800
TSE:3917,3917.T,474,16500
TSE:5248,5248.T,474,29600
TSE:7461,7461.T,474,500
TSE:3261,3261.T,476,4600
TSE:6182,6182.T,476,99400
TSE:4447,4447.T,477,3000
TSE:6184,6184.T,477,129300
TSE:2411,2411.T,478,230800
TSE:4287,4287.T,478,5400
TSE:5202,5202.T,478,3200900
TSE:6165,6165.T,478,28600
TSE:9478,9478.T,478,8300
TSE:331A,331A.T,480,1300
TSE:7567,7567.T,480,1200
TSE:8226,8226.T,480,260400
TSE:8572,8572.T,480.1,1450000
TSE:4228,4228.T,482,151900
TSE:5967,5967.T,482,5300
TSE:4379,4379.T,483,206200
TSE:6155,6155.T,484,200
TSE:2340,2340.T,485,10600
TSE:3660,3660.T,486,806500
TSE:6335,6335.T,486,7300
TSE:3628,3628.T,489,3800
TSE:4884,4884.T,489,551900
TSE:9348,9348.T,489,1316600
TSE:3896,3896.T,490,183000
TSE:3559,3559.T,494,4300
TSE:8769,8769.T,494,38200
TSE:9564,9564.T,494,148000
TSE:6240,6240.T,495,152400
TSE:7593,7593.T,495,181600
TSE:8095,8095.T,495,58100
TSE:197A,197A.T,496,284200
TSE:7066,7066.T,496,27600
TSE:5884,5884.T,498,11800
TSE:8927,8927.T,498,188200
TSE:7161,7161.T,499,60300
TSE:130A,130A.T,500,9800
TSE:2337,2337.T,500,1552000
TSE:7868,7868.T,500,559700
TSE:9363,9363.T,501,8900
TSE:2300,2300.T,502,1300
TSE:3986,3986.T,509,3500
TSE:352A,352A.T,510,30300
TSE:4073,4073.T,510,1700
TSE:9475,9475.T,510,1400
TSE:2139,2139.T,511,1200
TSE:2687,2687.T,511,3700
TSE:7896,7896.T,511,5100
TSE:2112,2112.T,512,37100
TSE:2485,2485.T,512,13200
TSE:3204,3204.T,512,7100
TSE:2497,2497.T,514,18000
TSE:472A,472A.T,514,193800
TSE:2195,2195.T,515,500700
TSE:7244,7244.T,515,52700
TSE:6047,6047.T,517,208200
TSE:9835,9835.T,518,1000
TSE:4826,4826.T,520,149000
TSE:4317,4317.T,521,22600
TSE:9788,9788.T,521,19100
TSE:1446,1446.T,523,16600
TSE:2796,2796.T,523,2200
TSE:4990,4990.T,523,2100
TSE:8742,8742.T,525,2600
TSE:1726,1726.T,526,17400
TSE:3134,3134.T,526,173700
TSE:2138,2138.T,528,8000
TSE:7068,7068.T,528,52500
TSE:241A,241A.T,529,19000
TSE:8291,8291.T,530,115600
TSE:4005,4005.T,531.4,7707100
TSE:7044,7044.T,533,3900
TSE:7369,7369.T,533,13100
TSE:7777,7777.T,533,5420700
TSE:3359,3359.T,534,25200
TSE:477A,477A.T,534,13500
TSE:3988,3988.T,535,800
TSE:4813,4813.T,535,104200
TSE:6307,6307.T,535,48800
TSE:3968,3968.T,538,185300
TSE:9831,9831.T,539.4,3009300
TSE:3232,3232.T,546,65000
TSE:6840,6840.T,547,108000
TSE:2404,2404.T,549,9100
TSE:4350,4350.T,549,17600
TSE:7150,7150.T,549,21500
TSE:3622,3622.T,552,4300
TSE:7093,7093.T,552,1400
TSE:3242,3242.T,553,71300
TSE:3474,3474.T,553,1100
TSE:4178,4178.T,554,300
TSE:6535,6535.T,555,320900
TSE:7352,7352.T,556,138100
TSE:7544,7544.T,556,22100
TSE:3690,3690.T,557,2000
TSE:1994,1994.T,558,2900
TSE:6074,6074.T,558,2000
TSE:8999,8999.T,558,48200
TSE:9445,9445.T,559,500
TSE:3768,3768.T,560,300
TSE:1418,1418.T,561,126600
TSE:3461,3461.T,561,2300
TSE:8617,8617.T,561,1200
TSE:4420,4420.T,562,81000
TSE:5363,5363.T,562,48900
TSE:9238,9238.T,562,6400
TSE:3798,3798.T,563,235900
TSE:4198,4198.T,563,4200
TSE:2170,2170.T,564,438100
TSE:4736,4736.T,564,12900
TSE:3939,3939.T,565,244700
TSE:4387,4387.T,565,2000
TSE:7031,7031.T,566,4400
TSE:7600,7600.T,566,89500
TSE:6888,6888.T,567,14000
TSE:7353,7353.T,567,6300
TSE:1848,1848.T,569,4700
TSE:3190,3190.T,570,3000
TSE:6218,6218.T,570,2200
TSE:4552,4552.T,571,2048300
TSE:8104,8104.T,571,10700
TSE:3174,3174.T,572,9900
TSE:3958,3958.T,572,300
TSE:9341,9341.T,572,18600
TSE:1844,1844.T,575,181300
TSE:2999,2999.T,575,19600
TSE:7743,7743.T,578,93100
TSE:3041,3041.T,580,7300
TSE:7060,7060.T,580,10300
TSE:3241,3241.T,581,1000
TSE:6699,6699.T,581,109800
TSE:9235,9235.T,581,96700
TSE:6563,6563.T,582,6400
TSE:4750,4750.T,583,76100
TSE:7987,7987.T,583,31100
TSE:3634,3634.T,585,21600
TSE:5134,5134.T,585,27900
TSE:7939,7939.T,585,700
TSE:7399,7399.T,587,1500
TSE:7462,7462.T,587,7900
TSE:3967,3967.T,588,14500
TSE:3974,3974.T,589,1000
TSE:4288,4288.T,591,10900
TSE:7872,7872.T,592,3400
TSE:4054,4054.T,593,11000
TSE:3907,3907.T,595,3700
TSE:3160,3160.T,597,7500
TSE:7038,7038.T,597,12400
TSE:5401,5401.T,598,18544700
TSE:6958,6958.T,598,640300
TSE:8127,8127.T,598,12900
TSE:5138,5138.T,599,1400
TSE:5956,5956.T,599,2700
TSE:3856,3856.T,600,411100
TSE:302A,302A.T,601,500
TSE:2215,2215.T,603,4200
TSE:6753,6753.T,603.6,3268300
TSE:2329,2329.T,604,54100
TSE:4765,4765.T,604,335400
TSE:6612,6612.T,604,2200
TSE:2291,2291.T,605,1100
TSE:2735,2735.T,605,21500
TSE:5026,5026.T,605,97500
TSE:2424,2424.T,606,900
TSE:7928,7928.T,610,12500
TSE:2114,2114.T,612,14200
TSE:9438,9438.T,612,38900
TSE:1887,1887.T,613,311100
TSE:4934,4934.T,613,5200
TSE:6982,6982.T,614,2000
TSE:9656,9656.T,614,4800
TSE:2991,2991.T,615,2900
TSE:7774,7774.T,615,69100
TSE:9033,9033.T,615,18800
TSE:8508,8508.T,616,439200
TSE:330A,330A.T,617,20100
TSE:5942,5942.T,617,32400
TSE:6493,6493.T,617,63600
TSE:4902,4902.T,617.7,3041200
TSE:9332,9332.T,618,94100
TSE:3760,3760.T,619,9000
TSE:3747,3747.T,620,35900
TSE:3839,3839.T,620,5600
TSE:5029,5029.T,620,4800
TSE:3987,3987.T,622,690100
TSE:5408,5408.T,622,130500
TSE:7847,7847.T,622,10200
TSE:4174,4174.T,624,2500
TSE:7042,7042.T,624,3100
TSE:7694,7694.T,624,5000
TSE:9345,9345.T,624,400
TSE:8338,8338.T,625,1313700
TSE:3675,3675.T,627,12900
TSE:7443,7443.T,627,2400
TSE:6778,6778.T,628,9200
TSE:6635,6635.T,629,9200
TSE:9685,9685.T,629,11900
TSE:7814,7814.T,630,30000
TSE:3803,3803.T,631,54600
TSE:3123,3123.T,632,1700
TSE:441A,441A.T,632,20500
TSE:2437,2437.T,634,85300
TSE:4728,4728.T,634,6200
TSE:6034,6034.T,634,1200
TSE:3169,3169.T,635,16800
TSE:1420,1420.T,637,57500
TSE:9166,9166.T,637,1688600
TSE:4892,4892.T,638,68400
TSE:5074,5074.T,638,1601800
TSE:9501,9501.T,638,53950200
TSE:520A,520A.T,639,27800
TSE:4165,4165.T,640,282800
TSE:5973,5973.T,641,1300
TSE:1431,1431.T,642,19200
TSE:2376,2376.T,642,3300
TSE:7412,7412.T,642,240900
TSE:6694,6694.T,646,1200
TSE:3625,3625.T,647,16800
TSE:6620,6620.T,648,58100
TSE:4486,4486.T,649,24600
TSE:3834,3834.T,651,20900
TSE:4019,4019.T,651,17600
TSE:6656,6656.T,651,15200
TSE:151A,151A.T,652,3400
TSE:3246,3246.T,652,3500
TSE:3900,3900.T,652,72400
TSE:4490,4490.T,652,172000
TSE:9723,9723.T,652,1800
TSE:5355,5355.T,653,1600
TSE:9145,9145.T,653,9400
TSE:7192,7192.T,655,35400
TSE:7971,7971.T,655,123900
TSE:2418,2418.T,657,63800
TSE:6088,6088.T,657,884600
TSE:9827,9827.T,658,16800
TSE:3933,3933.T,661,2600
TSE:7886,7886.T,661,2000
TSE:2428,2428.T,663,54800
TSE:6194,6194.T,663,44900
TSE:3557,3557.T,664,251400
TSE:6228,6228.T,664,19500
TSE:6551,6551.T,664,11100
TSE:7273,7273.T,664,32600
TSE:2736,2736.T,665,2400
TSE:5125,5125.T,665,5200
TSE:5575,5575.T,667,69400
TSE:3682,3682.T,668,1300
TSE:9421,9421.T,668,1200
TSE:7833,7833.T,669,2600
TSE:3697,3697.T,670.8,21795000
TSE:3306,3306.T,672,3100
TSE:7561,7561.T,672,8000
TSE:4820,4820.T,675,58400
TSE:5337,5337.T,675,6100
TSE:2929,2929.T,676,101200
TSE:7879,7879.T,677,8600
TSE:6482,6482.T,678,40200
TSE:5570,5570.T,679,4400
TSE:8848,8848.T,679,668600
TSE:5697,5697.T,680,1900
TSE:7376,7376.T,681,10200
TSE:3653,3653.T,682,13400
TSE:4235,4235.T,682,4500
TSE:504A,504A.T,682,75100
TSE:519A,519A.T,683,46400
TSE:3058,3058.T,684,900
TSE:6558,6558.T,684,2900
TSE:265A,265A.T,685,30700
TSE:7127,7127.T,685,2400
TSE:3326,3326.T,686,14000
TSE:4013,4013.T,686,71000
TSE:4290,4290.T,686,162100
TSE:8614,8614.T,687,688400
TSE:3031,3031.T,688,172400
TSE:4428,4428.T,688,2500
TSE:6962,6962.T,688,278700
TSE:9340,9340.T,689,1100
TSE:2127,2127.T,689.8,1577200
TSE:3439,3439.T,690,6900
TSE:2481,2481.T,692,600
TSE:6094,6094.T,692,5500
TSE:8737,8737.T,692,39700
TSE:9552,9552.T,692,269900
TSE:3935,3935.T,693,62500
TSE:6964,6964.T,693,1500
TSE:7371,7371.T,693,15600
TSE:6742,6742.T,694,294000
TSE:3710,3710.T,695,5500
TSE:2749,2749.T,696,193600
TSE:6966,6966.T,696,1380200
TSE:7875,7875.T,696,30400
TSE:3161,3161.T,697,11700
TSE:6200,6200.T,697,283000
TSE:4020,4020.T,698,200
TSE:3205,3205.T,699,149500
TSE:4166,4166.T,700,3300
TSE:9331,9331.T,700,13100
TSE:9446,9446.T,700,56200
TSE:4331,4331.T,701,23300
TSE:5932,5932.T,701,75600
TSE:175A,175A.T,702,4600
TSE:402A,402A.T,702,3126900
TSE:6090,6090.T,703,3400
TSE:142A,142A.T,704,2300
TSE:4668,4668.T,704,21500
TSE:7416,7416.T,704,2400
TSE:6658,6658.T,706,37600
TSE:1429,1429.T,707,196200
TSE:3571,3571.T,707,3300
TSE:5247,5247.T,707,8900
TSE:6069,6069.T,709,13200
TSE:2984,2984.T,710,4500
TSE:6986,6986.T,710,108700
TSE:5025,5025.T,711,4500
TSE:5527,5527.T,711,50000
TSE:6191,6191.T,711,136800
TSE:2916,2916.T,712,200
TSE:5194,5194.T,712,15400
TSE:9385,9385.T,712,27000
TSE:9644,9644.T,713,18400
TSE:7551,7551.T,714,4700
TSE:8346,8346.T,714,650700
TSE:8698,8698.T,714,1002000
TSE:4245,4245.T,715,9300
TSE:9343,9343.T,716,15400
TSE:7922,7922.T,717,57300
TSE:3387,3387.T,719,1272600
TSE:7083,7083.T,719,800
TSE:6440,6440.T,720,222500
TSE:7719,7719.T,720,3725800
TSE:9562,9562.T,720,5300
TSE:9565,9565.T,720,2700
TSE:4168,4168.T,721,56900
TSE:5246,5246.T,721,740000
TSE:8622,8622.T,722,141900
TSE:8881,8881.T,722,82000
TSE:4446,4446.T,723,94800
TSE:7727,7727.T,723,140900
TSE:1914,1914.T,725,18100
TSE:4784,4784.T,726,511000
TSE:6584,6584.T,726,272300
TSE:137A,137A.T,727,9500
TSE:6853,6853.T,728,35700
TSE:5587,5587.T,729,2000
TSE:9257,9257.T,730,3100
TSE:3143,3143.T,731,9400
TSE:7426,7426.T,731,28000
TSE:9450,9450.T,732,47200
TSE:9888,9888.T,732,11800
TSE:4960,4960.T,735,140800
TSE:8203,8203.T,735,41600
TSE:2877,2877.T,736,3200
TSE:6630,6630.T,736,121300
TSE:6768,6768.T,736,866300
TSE:1724,1724.T,739,1800
TSE:7486,7486.T,739,1900
TSE:3035,3035.T,742,3600
TSE:6545,6545.T,742,7800
TSE:7555,7555.T,742,400
TSE:4482,4482.T,743,8100
TSE:3661,3661.T,744,583400
TSE:6035,6035.T,744,24500
TSE:4346,4346.T,745,5200
TSE:6099,6099.T,745,48000
TSE:365A,365A.T,746,202000
TSE:4548,4548.T,746,97800
TSE:7360,7360.T,748,600
TSE:1822,1822.T,749,202100
TSE:4496,4496.T,749,700
TSE:7196,7196.T,749,14900
TSE:7699,7699.T,749,500
TSE:9237,9237.T,749,24300
TSE:2425,2425.T,750,600
TSE:2884,2884.T,750,851900
TSE:4888,4888.T,750,2219600
TSE:7805,7805.T,750,5500
TSE:336A,336A.T,752,206100
TSE:7347,7347.T,752,48100
TSE:7695,7695.T,753,4700
TSE:9218,9218.T,753,5500
TSE:4409,4409.T,754,4700
TSE:5162,5162.T,755,19200
TSE:281A,281A.T,757,3003900
TSE:4575,4575.T,757,123600
TSE:5984,5984.T,758,1500
TSE:2998,2998.T,759,36000
TSE:4234,4234.T,759,2300
TSE:4896,4896.T,759,27200
TSE:6166,6166.T,759,228100
TSE:7061,7061.T,759,68200
TSE:143A,143A.T,760,1200
TSE:2179,2179.T,760,500
TSE:3077,3077.T,760,116900
TSE:3080,3080.T,760,2500
TSE:5033,5033.T,760,8300
TSE:3541,3541.T,763,10500
TSE:4932,4932.T,763,43100
TSE:4838,4838.T,764,17800
TSE:3548,3548.T,766,40500
TSE:6071,6071.T,766,148200
TSE:8616,8616.T,766,543900
TSE:2904,2904.T,767,4400
TSE:4375,4375.T,767,67900
TSE:3580,3580.T,768,50200
TSE:2408,2408.T,769,5900
TSE:6425,6425.T,769,572800
TSE:7075,7075.T,770,14000
TSE:9990,9990.T,770,35300
TSE:5957,5957.T,771,79800
TSE:6748,6748.T,771,11600
TSE:3224,3224.T,773,2300
TSE:5742,5742.T,773,700
TSE:4996,4996.T,774,544000
TSE:4074,4074.T,775,33200
TSE:6217,6217.T,775,270500
TSE:9553,9553.T,775,398800
TSE:5252,5252.T,776,1200
TSE:7096,7096.T,776,12000
TSE:9253,9253.T,777,3800
TSE:3293,3293.T,778,600
TSE:8103,8103.T,783,193200
TSE:4929,4929.T,784,36000
TSE:4259,4259.T,785,2206100
TSE:6292,6292.T,785,2900
TSE:8285,8285.T,785,142400
TSE:7212,7212.T,787,53300
TSE:3953,3953.T,789,3400
TSE:4494,4494.T,789,16200
TSE:460A,460A.T,789,12600
TSE:6743,6743.T,789,17700
TSE:7539,7539.T,791,10100
TSE:3489,3489.T,792,41800
TSE:3059,3059.T,794,2100
TSE:303A,303A.T,796,3300
TSE:4811,4811.T,796,27900
TSE:6727,6727.T,796,347400
TSE:7049,7049.T,798,4700
TSE:9256,9256.T,798,1800
TSE:8016,8016.T,800,668800
TSE:4341,4341.T,801,2100
TSE:9008,9008.T,801,2210000
TSE:8217,8217.T,802,71400
TSE:4625,4625.T,804,8200
TSE:4705,4705.T,804,1600
TSE:7069,7069.T,804,900
TSE:6306,6306.T,805,49500
TSE:8119,8119.T,805,2800
TSE:7820,7820.T,806,19100
TSE:7370,7370.T,807,12400
TSE:4389,4389.T,808,6400
TSE:5367,5367.T,808,368400
TSE:6561,6561.T,808,7200
TSE:6614,6614.T,808,7600
TSE:2311,2311.T,809,29200
TSE:3566,3566.T,809,3500
TSE:4712,4712.T,809,30400
TSE:7791,7791.T,809,1100
TSE:7254,7254.T,810,13700
TSE:6262,6262.T,811,41900
TSE:8007,8007.T,812,83900
TSE:2198,2198.T,813,35300
TSE:5542,5542.T,813,5100
TSE:166A,166A.T,815,309800
TSE:5616,5616.T,816,500
TSE:6757,6757.T,816,5300
TSE:7823,7823.T,817,23400
TSE:7362,7362.T,819,200
TSE:4800,4800.T,820,11900
TSE:4439,4439.T,821,154000
TSE:6092,6092.T,821,35000
TSE:8860,8860.T,822,29900
TSE:5900,5900.T,823,600
TSE:3750,3750.T,824,700
TSE:7140,7140.T,824,4400
TSE:7962,7962.T,825,28900
TSE:145A,145A.T,826,11100
TSE:4241,4241.T,826,187300
TSE:7636,7636.T,826,4600
TSE:5997,5997.T,827,4000
TSE:7062,7062.T,827,600
TSE:7246,7246.T,827,209300
TSE:8219,8219.T,827,855700
TSE:3477,3477.T,828,1900
TSE:6771,6771.T,828,114100
TSE:4755,4755.T,828.6,18236000
TSE:3063,3063.T,830,8600
TSE:350A,350A.T,832,238100
TSE:8904,8904.T,832,6300
TSE:155A,155A.T,833,25300
TSE:296A,296A.T,833,38100
TSE:5820,5820.T,833,32900
TSE:6157,6157.T,833,15500
TSE:3649,3649.T,836,63000
TSE:9273,9273.T,836,41900
TSE:3965,3965.T,837,4100
TSE:4243,4243.T,837,5900
TSE:7112,7112.T,837,9700
TSE:7813,7813.T,838,1400
TSE:2158,2158.T,839,1589200
TSE:7619,7619.T,840,1700
TSE:6858,6858.T,841,31600
TSE:7722,7722.T,841,24600
TSE:7036,7036.T,842,800
TSE:7807,7807.T,844,7600
TSE:478A,478A.T,845,134100
TSE:3851,3851.T,850,1800
TSE:5619,5619.T,850,200
TSE:7114,7114.T,850,1900
TSE:3861,3861.T,850.6,4314900
TSE:6255,6255.T,851,580500
TSE:3154,3154.T,852,15200
TSE:5590,5590.T,852,170000
TSE:5586,5586.T,853,45100
TSE:6091,6091.T,854,9200
TSE:7514,7514.T,855,1300
TSE:2962,2962.T,856,40400
TSE:5588,5588.T,856,99000
TSE:9376,9376.T,856,500
TSE:4394,4394.T,857,2800
TSE:5974,5974.T,858,2600
TSE:8772,8772.T,860,2200
TSE:9330,9330.T,860,2000
TSE:7043,7043.T,861,1700
TSE:2124,2124.T,862,281800
TSE:7850,7850.T,862,1200
TSE:4318,4318.T,863,62100
TSE:5940,5940.T,863,13200
TSE:438A,438A.T,864,91100
TSE:7297,7297.T,864,600
TSE:9262,9262.T,864,14800
TSE:7512,7512.T,865,111100
TSE:9059,9059.T,865,4600
TSE:3544,3544.T,866,13500
TSE:462A,462A.T,866,232300
TSE:2927,2927.T,868,34900
TSE:3951,3951.T,869,8500
TSE:6848,6848.T,869,1500
TSE:7427,7427.T,871,4400
TSE:7608,7608.T,871,93200
TSE:9903,9903.T,871,1800
TSE:9997,9997.T,871,301200
TSE:1514,1514.T,873,962100
TSE:2354,2354.T,873,152500
TSE:3676,3676.T,873,48300
TSE:5609,5609.T,873,7400
TSE:3396,3396.T,874,5300
TSE:4444,4444.T,874,500
TSE:7888,7888.T,874,71000
TSE:3848,3848.T,875,134000
TSE:7198,7198.T,875,66300
TSE:4246,4246.T,876,237400
TSE:7082,7082.T,876,56300
TSE:7325,7325.T,876,6900
TSE:4386,4386.T,878,7700
TSE:9560,9560.T,878,43200
TSE:149A,149A.T,880,18900
TSE:156A,156A.T,880,44300
TSE:4248,4248.T,880,9000
TSE:3955,3955.T,881,1400
TSE:9959,9959.T,883,2800
TSE:4579,4579.T,884,189300
TSE:7072,7072.T,885,3700
TSE:9405,9405.T,885,52200
TSE:3267,3267.T,887,93100
TSE:5906,5906.T,887,11800
TSE:7630,7630.T,887,331300
TSE:9215,9215.T,887,1900
TSE:5852,5852.T,888,63800
TSE:9090,9090.T,888,173100
TSE:9368,9368.T,888,16000
TSE:4199,4199.T,890,18900
TSE:4382,4382.T,890,36000
TSE:7059,7059.T,890,39000
TSE:7085,7085.T,890,364800
TSE:3923,3923.T,891.2,3150500
TSE:7980,7980.T,892,17600
TSE:4418,4418.T,895,75300
TSE:4429,4429.T,895,10100
TSE:4433,4433.T,895,61600
TSE:9872,9872.T,895,3600
TSE:3416,3416.T,897,800
TSE:7984,7984.T,897.7,671800
TSE:4016,4016.T,898,3500
TSE:3248,3248.T,899,3300
TSE:4373,4373.T,899,1412700
TSE:7120,7120.T,899,6700
TSE:3392,3392.T,900,18400
TSE:7065,7065.T,900,12800
TSE:6424,6424.T,901,1500
TSE:7080,7080.T,903,7800
TSE:7294,7294.T,903,30200
TSE:7037,7037.T,904,3900
TSE:3878,3878.T,906,50400
TSE:2186,2186.T,907,1200
TSE:6063,6063.T,907,200
TSE:6279,6279.T,907,15600
TSE:7266,7266.T,907,17400
TSE:3865,3865.T,908,166400
TSE:6038,6038.T,908,5100
TSE:2286,2286.T,909,29200
TSE:2917,2917.T,909,1900
TSE:6176,6176.T,909,43000
TSE:3222,3222.T,910,241700
TSE:4345,4345.T,910,62200
TSE:4437,4437.T,910,6000
TSE:7681,7681.T,911,800
TSE:4664,4664.T,912,330300
TSE:7064,7064.T,912,1600
TSE:8908,8908.T,912,5900
TSE:428A,428A.T,913,27000
TSE:7604,7604.T,913,11600
TSE:6836,6836.T,914,18000
TSE:8920,8920.T,914,57700
TSE:3361,3361.T,915,10400
TSE:3970,3970.T,915,1900
TSE:8609,8609.T,915,301800
TSE:9534,9534.T,915,130900
TSE:9853,9853.T,915,1700
TSE:3173,3173.T,916,1400
TSE:5268,5268.T,916,4000
TSE:8070,8070.T,916,55900
TSE:7955,7955.T,917,47400
TSE:8835,8835.T,918,105100
TSE:6629,6629.T,920,605700
TSE:9366,9366.T,920,6200
TSE:286A,286A.T,921,40200
TSE:5698,5698.T,921,159300
TSE:7067,7067.T,921,1200
TSE:7245,7245.T,921,247100
TSE:4421,4421.T,922,2700
TSE:9344,9344.T,923,500
TSE:9414,9414.T,926,22600
TSE:3175,3175.T,927,7500
TSE:5936,5936.T,927,7800
TSE:5139,5139.T,928,13900
TSE:3962,3962.T,930,217200
TSE:4113,4113.T,930,24300
TSE:9219,9219.T,930,2200
TSE:8600,8600.T,931,450400
TSE:8018,8018.T,932,28600
TSE:2795,2795.T,933,100
TSE:9914,9914.T,933,700
TSE:3223,3223.T,934,3000
TSE:9713,9713.T,934,14700
TSE:195A,195A.T,937,13500
TSE:4709,4709.T,938,40900
TSE:7214,7214.T,938,3800
TSE:4180,4180.T,939,1553100
TSE:2180,2180.T,942,15100
TSE:9067,9067.T,942,300
TSE:9271,9271.T,942,11700
TSE:3673,3673.T,943,380500
TSE:4410,4410.T,944,21000
TSE:4680,4680.T,945.7,2134000
TSE:6037,6037.T,948,92800
TSE:7871,7871.T,948,9100
TSE:2769,2769.T,950,5800
TSE:3916,3916.T,951,45600
TSE:6488,6488.T,952,3000
TSE:2304,2304.T,953,400
TSE:9658,9658.T,953,33100
TSE:9259,9259.T,955,8900
TSE:299A,299A.T,957,83400
TSE:6666,6666.T,957,279300
TSE:8869,8869.T,957,55500
TSE:3556,3556.T,959,50300
TSE:6769,6769.T,960,29000
TSE:7997,7997.T,960,100
TSE:9780,9780.T,960,600
TSE:4687,4687.T,961,90900
TSE:7746,7746.T,962,795600
TSE:7532,7532.T,963.2,6870200
TSE:3440,3440.T,964,6300
TSE:9274,9274.T,964,214900
TSE:9927,9927.T,964,2400
TSE:1852,1852.T,966,305800
TSE:9846,9846.T,966,11100
TSE:3082,3082.T,967,8000
TSE:5464,5464.T,967,34100
TSE:7057,7057.T,967,1500
TSE:8113,8113.T,967.1,7171000
TSE:3030,3030.T,968,51700
TSE:3280,3280.T,968,20800
TSE:6339,6339.T,968,115700
TSE:4263,4263.T,970,103700
TSE:6222,6222.T,970,79000
TSE:3577,3577.T,971,200
TSE:2997,2997.T,973,1300
TSE:6562,6562.T,973,60500
TSE:9517,9517.T,973,358700
TSE:287A,287A.T,974,188200
TSE:5909,5909.T,974,7500
TSE:6539,6539.T,976,40800
TSE:8628,8628.T,976,835500
TSE:8714,8714.T,978,2455800
TSE:3937,3937.T,979,62700
TSE:4847,4847.T,980,19800
TSE:9504,9504.T,980.7,847800
TSE:3553,3553.T,981,20000
TSE:9474,9474.T,981,82200
TSE:3864,3864.T,982,351200
TSE:7177,7177.T,982,828500
TSE:9850,9850.T,982,13400
TSE:189A,189A.T,983,800
TSE:7463,7463.T,983,16600
TSE:1491,1491.T,985,32900
TSE:5959,5959.T,985,98100
TSE:7077,7077.T,985,2100
TSE:2436,2436.T,986,5000
TSE:5591,5591.T,986,22600
TSE:3842,3842.T,988,1200
TSE:8185,8185.T,988,101900
TSE:2173,2173.T,989,25900
TSE:7241,7241.T,989,101600
TSE:7863,7863.T,990,700
TSE:8841,8841.T,990,169900
TSE:5845,5845.T,992,10300
TSE:2307,2307.T,993,21200
TSE:407A,407A.T,993,26000
TSE:4360,4360.T,993,32900
TSE:3641,3641.T,994,1800
TSE:6082,6082.T,994,12900
TSE:246A,246A.T,995,1800
TSE:4840,4840.T,995,330400
TSE:3512,3512.T,996,13900
TSE:4475,4475.T,996,313000
TSE:8585,8585.T,996,471500
TSE:9213,9213.T,996,3500
TSE:1717,1717.T,997,14100
TSE:6977,6977.T,997,1400
TSE:7090,7090.T,997,500
TSE:4188,4188.T,997.7,4825800
TSE:5951,5951.T,998,37600
TSE:6193,6193.T,998,3000
TSE:3444,3444.T,999,3706300
TSE:6257,6257.T,999,12600
TSE:7040,7040.T,999,2300
TSE:3469,3469.T,1000,3000
TSE:5015,5015.T,1000,8000
TSE:8864,8864.T,1000,55700